epoch,time,train/box_loss,train/pose_loss,train/kobj_loss,train/cls_loss,train/dfl_loss,metrics/precision(B),metrics/recall(B),metrics/mAP50(B),metrics/mAP50-95(B),metrics/precision(P),metrics/recall(P),metrics/mAP50(P),metrics/mAP50-95(P),val/box_loss,val/pose_loss,val/kobj_loss,val/cls_loss,val/dfl_loss,lr/pg0,lr/pg1,lr/pg2
1,2.68767,4.05271,10.6651,0.70257,7.48329,2.45966,0.15686,0.07143,0.0125,0.01,0,0,0,0,2.86911,11.2528,0.69463,6.54916,2.44358,0,0,0
2,4.74023,3.58536,10.7552,0.70494,7.73972,2.43331,0.15676,0.07143,0.0125,0.01,0,0,0,0,2.85046,11.2533,0.69446,6.46469,2.41682,1.9802e-05,1.9802e-05,1.9802e-05
3,7.03555,2.89877,10.3664,0.69496,7.12682,2.19955,0.15679,0.07143,0.0125,0.01,0,0,0,0,2.83109,11.2577,0.6944,6.36874,2.39526,3.9208e-05,3.9208e-05,3.9208e-05
4,9.07647,3.41561,10.5849,0.6949,8.4336,2.5894,0.15686,0.07143,0.0125,0.01,0,0,0,0,2.77829,11.2565,0.69436,6.19167,2.32956,5.8218e-05,5.8218e-05,5.8218e-05
5,11.178,2.97554,10.5127,0.69014,6.70335,2.79089,0.15721,0.07143,0.0125,0.01,0,0,0,0,2.7076,11.2749,0.69415,5.94737,2.26898,7.6832e-05,7.6832e-05,7.6832e-05
6,13.139,2.4936,10.5948,0.68824,6.3545,2.06507,0.15743,0.07143,0.01727,0.01048,0,0,0,0,2.67022,11.278,0.69407,5.64316,2.23265,9.505e-05,9.505e-05,9.505e-05
7,15.3043,3.2912,10.3299,0.69983,5.50621,2.26404,0.15777,0.07143,0.03367,0.0135,0,0,0,0,2.61983,11.2699,0.69409,5.3779,2.19994,0.000112872,0.000112872,0.000112872
8,17.4656,3.3515,10.621,0.70668,6.23876,2.1911,0.1582,0.07143,0.04583,0.0153,0,0,0,0,2.58901,11.2674,0.6939,5.07562,2.14439,0.000130298,0.000130298,0.000130298
9,19.5862,2.19367,10.4162,0.70036,5.28045,2.00981,0.15869,0.07143,0.05536,0.01818,0,0,0,0,2.59298,11.2759,0.69386,4.69037,2.12225,0.000147328,0.000147328,0.000147328
10,21.6276,3.35285,10.4616,0.69864,3.57415,2.11196,0.15936,0.07143,0.05249,0.01944,0,0,0,0,2.57138,11.2849,0.69365,4.29833,2.05455,0.000163962,0.000163962,0.000163962
11,23.6902,2.77662,10.2747,0.69608,3.72259,1.93776,0.157,0.07143,0.0631,0.02389,0,0,0,0,2.57799,11.2989,0.6935,3.96754,2.01758,0.0001802,0.0001802,0.0001802
12,25.7366,1.87727,10.4714,0.70534,3.49709,1.74164,0.09213,0.22497,0.0595,0.02251,0,0,0,0,2.59888,11.2991,0.6934,3.99433,2.02396,0.000196042,0.000196042,0.000196042
13,27.9951,2.6652,10.4065,0.68932,2.66854,2.05202,0.14303,0.28571,0.09251,0.03872,0,0,0,0,2.56182,11.2953,0.69339,3.22361,2.00281,0.000211488,0.000211488,0.000211488
14,30.1632,1.87356,9.95702,0.67907,2.20315,1.53676,0.21503,0.35714,0.10995,0.04656,0,0,0,0,2.49218,11.2784,0.69344,2.89134,1.97674,0.000226538,0.000226538,0.000226538
15,32.2886,2.09581,9.71419,0.68182,2.31674,1.65019,0.21142,0.35714,0.15215,0.04937,0,0,0,0,2.4175,11.2806,0.6933,2.7088,1.93738,0.000241192,0.000241192,0.000241192
16,34.3502,2.28823,10.5839,0.68583,2.44129,2.14947,0.21394,0.2919,0.15649,0.0491,0,0,0,0,2.34873,11.274,0.69325,2.64631,1.90922,0.00025545,0.00025545,0.00025545
17,36.3518,2.07733,9.51002,0.6871,2.17089,2.03936,0.20188,0.28571,0.15948,0.05913,0,0,0,0,2.24275,11.2521,0.69313,2.56437,1.84224,0.000269312,0.000269312,0.000269312
18,38.416,1.63389,10.8857,0.69572,1.93675,1.44378,0.20188,0.28571,0.15948,0.05913,0,0,0,0,2.24275,11.2521,0.69313,2.56437,1.84224,0.000282778,0.000282778,0.000282778
19,40.5735,1.76519,10.0328,0.68346,1.69544,1.55956,0.19018,0.42857,0.15281,0.07307,0,0,0,0,2.14084,11.1902,0.69268,2.525,1.7994,0.000295848,0.000295848,0.000295848
20,42.5562,1.98131,9.53952,0.70536,1.62235,1.61088,0.19018,0.42857,0.15281,0.07307,0,0,0,0,2.14084,11.1902,0.69268,2.525,1.7994,0.000308522,0.000308522,0.000308522
21,44.5897,1.32571,9.29025,0.7104,1.94398,1.51686,0.24362,0.5,0.29078,0.12568,0,0,0,0,2.07891,11.2092,0.6919,2.4046,1.78436,0.0003208,0.0003208,0.0003208
22,46.6434,1.50963,9.93116,0.68885,1.63175,1.38999,0.24362,0.5,0.29078,0.12568,0,0,0,0,2.07891,11.2092,0.6919,2.4046,1.78436,0.000332682,0.000332682,0.000332682
23,48.7642,2.51646,10.3853,0.68937,2.66291,2.03827,0.34376,0.5,0.34644,0.15315,0,0,0,0,2.08538,11.1792,0.6913,2.31677,1.82204,0.000344168,0.000344168,0.000344168
24,50.7588,1.72446,9.44614,0.70224,1.584,1.53462,0.34376,0.5,0.34644,0.15315,0,0,0,0,2.08538,11.1792,0.6913,2.31677,1.82204,0.000355258,0.000355258,0.000355258
25,52.7336,1.90926,10.3061,0.71334,1.69577,1.82418,0.32738,0.5,0.37153,0.1514,0,0,0,0,2.10644,11.1775,0.69106,2.29358,1.84152,0.000365952,0.000365952,0.000365952
26,54.7325,2.28334,10.2547,0.71073,2.58516,1.77333,0.32738,0.5,0.37153,0.1514,0,0,0,0,2.10644,11.1775,0.69106,2.29358,1.84152,0.00037625,0.00037625,0.00037625
27,56.7457,1.79234,10.0137,0.70276,1.56157,1.46524,0.36317,0.42857,0.33386,0.14373,0,0,0,0,2.14259,11.1397,0.69058,2.26436,1.87635,0.000386152,0.000386152,0.000386152
28,58.6875,1.35766,9.59232,0.67501,1.34415,1.52565,0.36317,0.42857,0.33386,0.14373,0,0,0,0,2.14259,11.1397,0.69058,2.26436,1.87635,0.000395658,0.000395658,0.000395658
29,60.7142,2.38205,10.0407,0.70339,2.28342,1.89605,0.30159,0.57143,0.3202,0.12367,0,0,0,0,2.19336,11.0981,0.69007,2.26482,1.89733,0.000404768,0.000404768,0.000404768
30,62.6915,1.37345,9.86425,0.67768,1.24962,1.23445,0.30159,0.57143,0.3202,0.12367,0,0,0,0,2.19336,11.0981,0.69007,2.26482,1.89733,0.000413482,0.000413482,0.000413482
31,64.8363,2.09121,9.9017,0.6856,1.86567,1.72681,0.26467,0.5,0.27788,0.0942,0,0,0,0,2.21197,11.1007,0.68978,2.29275,1.90277,0.0004218,0.0004218,0.0004218
32,66.7526,1.84262,9.90102,0.68852,1.659,1.59693,0.26467,0.5,0.27788,0.0942,0,0,0,0,2.21197,11.1007,0.68978,2.29275,1.90277,0.000429722,0.000429722,0.000429722
33,68.7499,1.56026,9.26886,0.68887,1.62815,1.39891,0.20923,0.5,0.2101,0.08657,0,0,0,0,2.22827,11.09,0.68937,2.31767,1.89399,0.000437248,0.000437248,0.000437248
34,70.7013,1.69659,9.96207,0.69201,1.44797,1.34704,0.20923,0.5,0.2101,0.08657,0,0,0,0,2.22827,11.09,0.68937,2.31767,1.89399,0.000444378,0.000444378,0.000444378
35,72.7274,1.99872,9.88294,0.70168,1.68045,1.60704,0.28223,0.28571,0.2127,0.08038,0,0,0,0,2.28239,11.0638,0.68747,2.35947,1.90718,0.000451112,0.000451112,0.000451112
36,74.7018,1.42707,9.64769,0.70137,1.28594,1.31734,0.28223,0.28571,0.2127,0.08038,0,0,0,0,2.28239,11.0638,0.68747,2.35947,1.90718,0.00045745,0.00045745,0.00045745
37,76.7047,2.12526,9.5747,0.67537,1.98619,1.89265,0.20272,0.28571,0.18933,0.06523,0,0,0,0,2.33838,11.0467,0.68681,2.46236,1.93623,0.000463392,0.000463392,0.000463392
38,78.7406,1.38614,9.58504,0.64826,1.38603,1.45712,0.20272,0.28571,0.18933,0.06523,0,0,0,0,2.33838,11.0467,0.68681,2.46236,1.93623,0.000468938,0.000468938,0.000468938
39,80.8403,1.3916,9.54333,0.72116,1.46329,1.52908,0.13492,0.5,0.17174,0.05568,0,0,0,0,2.32895,11.024,0.68707,2.54918,1.99177,0.000474088,0.000474088,0.000474088
40,82.8352,1.77121,9.45837,0.68228,1.35472,1.4789,0.13492,0.5,0.17174,0.05568,0,0,0,0,2.32895,11.024,0.68707,2.54918,1.99177,0.000478842,0.000478842,0.000478842
41,85.0502,1.11704,9.3749,0.67536,1.25121,1.23263,0.14849,0.57143,0.15824,0.04729,0,0,0,0,2.35801,11.0088,0.68627,2.68268,2.02964,0.0004832,0.0004832,0.0004832
42,87.0487,1.37474,8.75811,0.6704,1.5227,1.42735,0.14849,0.57143,0.15824,0.04729,0,0,0,0,2.35801,11.0088,0.68627,2.68268,2.02964,0.000487162,0.000487162,0.000487162
43,89.0731,1.73045,9.97456,0.70103,1.71695,1.51827,0.14981,0.64286,0.15121,0.04791,0,0,0,0,2.32263,10.9879,0.68552,2.76895,2.00751,0.000490728,0.000490728,0.000490728
44,91.0847,1.4567,9.41444,0.67586,1.45929,1.68294,0.14981,0.64286,0.15121,0.04791,0,0,0,0,2.32263,10.9879,0.68552,2.76895,2.00751,0.000493898,0.000493898,0.000493898
45,93.0924,0.9968,7.66402,0.69689,1.0568,1.20932,0.26205,0.35714,0.1686,0.05006,0,0,0,0,2.35757,10.9611,0.68493,2.77241,2.02701,0.000496672,0.000496672,0.000496672
46,95.049,1.41639,9.11726,0.69921,1.47083,1.44793,0.26205,0.35714,0.1686,0.05006,0,0,0,0,2.35757,10.9611,0.68493,2.77241,2.02701,0.00049905,0.00049905,0.00049905
47,97.1573,1.16583,8.9808,0.66443,1.18375,1.18801,0.32246,0.35714,0.18872,0.05906,0,0,0,0,2.36658,10.9567,0.68435,2.76383,2.05974,0.000501032,0.000501032,0.000501032
48,99.1724,1.33422,9.56318,0.70125,1.1114,1.19667,0.32246,0.35714,0.18872,0.05906,0,0,0,0,2.36658,10.9567,0.68435,2.76383,2.05974,0.000502618,0.000502618,0.000502618
49,101.252,1.21286,9.1718,0.7026,1.21576,1.15506,0.34499,0.35714,0.2003,0.06122,0,0,0,0,2.37592,10.9402,0.68486,2.63708,2.08923,0.000503808,0.000503808,0.000503808
50,103.512,1.19526,9.50729,0.67925,1.10653,1.24906,0.34499,0.35714,0.2003,0.06122,0,0,0,0,2.37592,10.9402,0.68486,2.63708,2.08923,0.000504602,0.000504602,0.000504602
51,105.725,1.23999,8.77357,0.67988,1.07609,1.1978,0.28571,0.2857,0.1608,0.05914,0,0,0,0,2.41412,10.9537,0.68538,2.48972,2.11158,0.000505,0.000505,0.000505
52,107.692,1.23841,8.86656,0.66717,1.03877,1.20732,0.28571,0.2857,0.1608,0.05914,0,0,0,0,2.41412,10.9537,0.68538,2.48972,2.11158,0.000505002,0.000505002,0.000505002
53,109.683,1.15694,9.74393,0.69914,1.08485,1.19882,0.28571,0.2857,0.1608,0.05914,0,0,0,0,2.41412,10.9537,0.68538,2.48972,2.11158,0.000504608,0.000504608,0.000504608
54,111.618,1.00284,9.02435,0.68381,1.00254,1.192,0.26047,0.30267,0.17217,0.06702,0,0,0,0,2.41191,10.9782,0.68654,2.35303,2.11755,0.000503818,0.000503818,0.000503818
55,113.537,1.33688,8.52653,0.6699,0.99363,1.29042,0.26047,0.30267,0.17217,0.06702,0,0,0,0,2.41191,10.9782,0.68654,2.35303,2.11755,0.000502632,0.000502632,0.000502632
56,115.481,1.38415,9.43565,0.67847,1.04755,1.24968,0.26047,0.30267,0.17217,0.06702,0,0,0,0,2.41191,10.9782,0.68654,2.35303,2.11755,0.00050105,0.00050105,0.00050105
57,117.43,1.34066,8.96495,0.70566,1.17231,1.15591,0.26098,0.27797,0.15684,0.06401,0,0,0,0,2.37877,10.9743,0.68702,2.35505,2.10834,0.000499072,0.000499072,0.000499072
58,119.318,1.1886,8.80935,0.67892,1.00859,1.16789,0.26098,0.27797,0.15684,0.06401,0,0,0,0,2.37877,10.9743,0.68702,2.35505,2.10834,0.000496698,0.000496698,0.000496698
59,121.209,1.35478,8.9028,0.66749,1.14007,1.2389,0.26098,0.27797,0.15684,0.06401,0,0,0,0,2.37877,10.9743,0.68702,2.35505,2.10834,0.000493928,0.000493928,0.000493928
60,123.116,1.21429,8.39284,0.64451,1.34117,1.3484,0.17302,0.28571,0.14582,0.0646,0,0,0,0,2.37789,10.9543,0.68673,2.39803,2.10455,0.000490762,0.000490762,0.000490762
61,125.003,1.20309,9.01758,0.67129,1.15451,1.15116,0.17302,0.28571,0.14582,0.0646,0,0,0,0,2.37789,10.9543,0.68673,2.39803,2.10455,0.0004872,0.0004872,0.0004872
62,126.94,1.13106,8.69307,0.69384,1.10692,1.22446,0.17302,0.28571,0.14582,0.0646,0,0,0,0,2.37789,10.9543,0.68673,2.39803,2.10455,0.000483242,0.000483242,0.000483242
63,128.842,1.06956,9.5016,0.69623,0.9133,1.19242,0.1585,0.5,0.13655,0.05724,0,0,0,0,2.37096,10.9389,0.68609,2.39279,2.1159,0.000478888,0.000478888,0.000478888
64,130.864,0.88311,9.38087,0.67834,0.78085,1.0963,0.1585,0.5,0.13655,0.05724,0,0,0,0,2.37096,10.9389,0.68609,2.39279,2.1159,0.000474138,0.000474138,0.000474138
65,132.845,1.20685,8.42913,0.67467,1.25057,1.1817,0.1585,0.5,0.13655,0.05724,0,0,0,0,2.37096,10.9389,0.68609,2.39279,2.1159,0.000468992,0.000468992,0.000468992
66,134.825,1.09968,8.45608,0.6869,1.01583,1.12083,0.22471,0.28571,0.16168,0.06066,0,0,0,0,2.3538,10.9206,0.68579,2.48519,2.08802,0.00046345,0.00046345,0.00046345
67,136.752,0.80608,8.18967,0.65052,0.73486,0.95927,0.22471,0.28571,0.16168,0.06066,0,0,0,0,2.3538,10.9206,0.68579,2.48519,2.08802,0.000457512,0.000457512,0.000457512
68,138.701,1.06839,8.60675,0.66198,0.83591,1.20027,0.22471,0.28571,0.16168,0.06066,0,0,0,0,2.3538,10.9206,0.68579,2.48519,2.08802,0.000451178,0.000451178,0.000451178
69,140.609,1.12697,8.43124,0.65512,0.88228,1.24498,0.19058,0.35714,0.15261,0.05768,0,0,0,0,2.33087,10.921,0.68436,2.55986,2.07627,0.000444448,0.000444448,0.000444448
70,142.5,1.1004,8.75892,0.70332,0.95874,1.19838,0.19058,0.35714,0.15261,0.05768,0,0,0,0,2.33087,10.921,0.68436,2.55986,2.07627,0.000437322,0.000437322,0.000437322
71,144.41,1.27749,9.53752,0.66583,1.1069,1.15952,0.19058,0.35714,0.15261,0.05768,0,0,0,0,2.33087,10.921,0.68436,2.55986,2.07627,0.0004298,0.0004298,0.0004298
72,146.31,1.24555,9.14141,0.66003,1.09641,1.21591,0.13264,0.35714,0.13522,0.0538,0,0,0,0,2.31816,10.8855,0.68237,2.62025,2.07748,0.000421882,0.000421882,0.000421882
73,148.189,0.94573,8.64103,0.66729,0.84064,1.06094,0.13264,0.35714,0.13522,0.0538,0,0,0,0,2.31816,10.8855,0.68237,2.62025,2.07748,0.000413568,0.000413568,0.000413568
74,150.166,0.90604,8.63914,0.65724,0.81708,1.10277,0.13264,0.35714,0.13522,0.0538,0,0,0,0,2.31816,10.8855,0.68237,2.62025,2.07748,0.000404858,0.000404858,0.000404858
75,152.32,1.2984,7.28889,0.66052,1.01709,1.32516,0.14783,0.5,0.14182,0.05856,0,0,0,0,2.31915,10.9006,0.68336,2.58632,2.05014,0.000395752,0.000395752,0.000395752
76,154.262,0.78133,8.26126,0.63665,0.76496,1.05178,0.14783,0.5,0.14182,0.05856,0,0,0,0,2.31915,10.9006,0.68336,2.58632,2.05014,0.00038625,0.00038625,0.00038625
77,156.216,1.02005,7.65096,0.66541,0.80846,1.17353,0.14783,0.5,0.14182,0.05856,0,0,0,0,2.31915,10.9006,0.68336,2.58632,2.05014,0.000376352,0.000376352,0.000376352
78,158.178,0.9252,8.68436,0.65638,0.83902,1.11896,0.15704,0.5722,0.1421,0.06013,0,0,0,0,2.31994,10.9004,0.68195,2.55917,2.04808,0.000366058,0.000366058,0.000366058
79,160.113,1.01089,7.91307,0.63376,0.88753,1.15247,0.15704,0.5722,0.1421,0.06013,0,0,0,0,2.31994,10.9004,0.68195,2.55917,2.04808,0.000355368,0.000355368,0.000355368
80,162.035,1.18585,8.17042,0.68321,1.04313,1.12265,0.15704,0.5722,0.1421,0.06013,0,0,0,0,2.31994,10.9004,0.68195,2.55917,2.04808,0.000344282,0.000344282,0.000344282
81,164.009,0.76057,8.17135,0.67316,0.67007,1.08968,0.15819,0.5,0.13127,0.05931,0,0,0,0,2.32394,10.8842,0.67949,2.52607,2.06749,0.0003328,0.0003328,0.0003328
82,165.901,1.04791,6.8037,0.63287,0.80127,1.14303,0.15819,0.5,0.13127,0.05931,0,0,0,0,2.32394,10.8842,0.67949,2.52607,2.06749,0.000320922,0.000320922,0.000320922
83,167.892,0.81901,8.48972,0.6506,0.78036,1.00787,0.15819,0.5,0.13127,0.05931,0,0,0,0,2.32394,10.8842,0.67949,2.52607,2.06749,0.000308648,0.000308648,0.000308648
84,169.856,1.1391,8.38004,0.67467,0.9126,1.20871,0.17132,0.57143,0.14152,0.05766,0,0,0,0,2.35357,10.8962,0.67878,2.49809,2.10303,0.000295978,0.000295978,0.000295978
85,171.753,0.77917,8.19231,0.62538,0.85696,1.07356,0.17132,0.57143,0.14152,0.05766,0,0,0,0,2.35357,10.8962,0.67878,2.49809,2.10303,0.000282912,0.000282912,0.000282912
86,173.693,1.21005,8.87723,0.66893,0.9514,1.26291,0.17132,0.57143,0.14152,0.05766,0,0,0,0,2.35357,10.8962,0.67878,2.49809,2.10303,0.00026945,0.00026945,0.00026945
87,175.581,0.89997,8.07029,0.65989,0.65939,1.08432,0.17132,0.57143,0.14152,0.05766,0,0,0,0,2.35357,10.8962,0.67878,2.49809,2.10303,0.000255592,0.000255592,0.000255592
88,177.541,0.86843,7.9094,0.69342,0.80967,1.02875,0.19265,0.64286,0.15146,0.06086,0,0,0,0,2.32843,10.8782,0.67802,2.48535,2.10478,0.000241338,0.000241338,0.000241338
89,179.376,0.71716,8.28875,0.66712,0.64608,1.01084,0.19265,0.64286,0.15146,0.06086,0,0,0,0,2.32843,10.8782,0.67802,2.48535,2.10478,0.000226688,0.000226688,0.000226688
90,181.302,0.83617,7.87138,0.63069,0.67477,0.98936,0.19265,0.64286,0.15146,0.06086,0,0,0,0,2.32843,10.8782,0.67802,2.48535,2.10478,0.000211642,0.000211642,0.000211642
91,183.239,1.05007,7.78185,0.64952,0.87273,0.94363,0.19265,0.64286,0.15146,0.06086,0,0,0,0,2.32843,10.8782,0.67802,2.48535,2.10478,0.0001962,0.0001962,0.0001962
92,185.177,0.66272,7.44883,0.61593,0.67353,0.88196,0.19354,0.64286,0.15401,0.05894,0,0,0,0,2.32378,10.9224,0.67629,2.46995,2.08972,0.000180362,0.000180362,0.000180362
93,187.071,0.81941,8.15771,0.59963,0.65359,1.04837,0.19354,0.64286,0.15401,0.05894,0,0,0,0,2.32378,10.9224,0.67629,2.46995,2.08972,0.000164128,0.000164128,0.000164128
94,188.907,0.75211,8.79898,0.60936,0.74801,0.94934,0.19354,0.64286,0.15401,0.05894,0,0,0,0,2.32378,10.9224,0.67629,2.46995,2.08972,0.000147498,0.000147498,0.000147498
95,190.817,0.66771,8.40212,0.6131,0.6387,1.03565,0.19354,0.64286,0.15401,0.05894,0,0,0,0,2.32378,10.9224,0.67629,2.46995,2.08972,0.000130472,0.000130472,0.000130472
96,192.774,0.90701,8.2812,0.61701,0.81678,1.17211,0.18419,0.57143,0.15149,0.06178,0,0,0,0,2.29021,10.9292,0.67608,2.41194,2.06032,0.00011305,0.00011305,0.00011305
97,194.681,0.75237,7.55608,0.63091,0.73095,0.97216,0.18419,0.57143,0.15149,0.06178,0,0,0,0,2.29021,10.9292,0.67608,2.41194,2.06032,9.5232e-05,9.5232e-05,9.5232e-05
98,196.686,0.72469,8.0321,0.59925,0.60479,1.09897,0.18419,0.57143,0.15149,0.06178,0,0,0,0,2.29021,10.9292,0.67608,2.41194,2.06032,7.7018e-05,7.7018e-05,7.7018e-05
99,198.54,0.70978,7.40627,0.62572,0.69569,0.90165,0.18419,0.57143,0.15149,0.06178,0,0,0,0,2.29021,10.9292,0.67608,2.41194,2.06032,5.8408e-05,5.8408e-05,5.8408e-05
100,200.497,0.73591,7.63559,0.62135,0.6618,0.89306,0.17941,0.5314,0.14347,0.06411,0,0,0,0,2.26713,10.9289,0.67668,2.41178,2.03529,3.9402e-05,3.9402e-05,3.9402e-05
